numero,anno,pagina,doc,categoria,hint,azione
35018,2025,0,0,OSCURATO,OCR oscurato su italgiure,"Aggiungi in corte_override.csv: 35018,2025,CGT 2° <regione>"
34810,2025,5,7,NON_TRIBUTARIO,Procedimento con Corte d'Appello (non CGT),"Verifica se e' tributario; se si, override manuale: 34810,2025,CGT ... in corte_override.csv"
34765,2025,7,3,RIFERIMENTO_MANCANTE,Cita Cass. n.5902/2025 assente su italgiure,"Override manuale: 34765,2025,CGT ... in corte_override.csv"
34754,2025,7,10,RIFERIMENTO_MANCANTE,Cita Cass. n.5115/2025 assente su italgiure,"Override manuale: 34754,2025,CGT ... in corte_override.csv"
34412,2025,23,1,OCR_PARZIALE,Testo CGT presente ma pattern non riconosciuto,"Override manuale: 34412,2025,CGT ... in corte_override.csv"
34050,2025,42,1,OCR_PARZIALE,Testo CGT presente ma pattern non riconosciuto,"Override manuale: 34050,2025,CGT ... in corte_override.csv"
33034,2025,83,2,OCR_PARZIALE,Testo CGT presente ma pattern non riconosciuto,"Override manuale: 33034,2025,CGT ... in corte_override.csv"
32479,2025,103,1,OCR_PARZIALE,Testo CGT presente ma pattern non riconosciuto,"Override manuale: 32479,2025,CGT ... in corte_override.csv"
31990,2025,123,1,SCONOSCIUTO,Nessun CGT rilevato nel testo OCR,"Override manuale: 31990,2025,CGT ... in corte_override.csv"
31405,2025,142,1,SCONOSCIUTO,Nessun CGT rilevato nel testo OCR,"Override manuale: 31405,2025,CGT ... in corte_override.csv"
31275,2025,147,1,OCR_PARZIALE,Testo CGT presente ma pattern non riconosciuto,"Override manuale: 31275,2025,CGT ... in corte_override.csv"
30847,2025,160,1,OCR_PARZIALE,Testo CGT presente ma pattern non riconosciuto,"Override manuale: 30847,2025,CGT ... in corte_override.csv"
30715,2025,164,1,OCR_PARZIALE,Testo CGT presente ma pattern non riconosciuto,"Override manuale: 30715,2025,CGT ... in corte_override.csv"
30222,2025,188,1,OCR_PARZIALE,Testo CGT presente ma pattern non riconosciuto,"Override manuale: 30222,2025,CGT ... in corte_override.csv"
30221,2025,188,2,OCR_PARZIALE,Testo CGT presente ma pattern non riconosciuto,"Override manuale: 30221,2025,CGT ... in corte_override.csv"
30074,2025,194,1,SCONOSCIUTO,Nessun CGT rilevato nel testo OCR,"Override manuale: 30074,2025,CGT ... in corte_override.csv"
29879,2025,204,1,OCR_PARZIALE,Testo CGT presente ma pattern non riconosciuto,"Override manuale: 29879,2025,CGT ... in corte_override.csv"
29245,2025,242,2,OCR_PARZIALE,Testo CGT presente ma pattern non riconosciuto,"Override manuale: 29245,2025,CGT ... in corte_override.csv"
28731,2025,267,1,OCR_PARZIALE,Testo CGT presente ma pattern non riconosciuto,"Override manuale: 28731,2025,CGT ... in corte_override.csv"
28711,2025,268,3,OCR_PARZIALE,Testo CGT presente ma pattern non riconosciuto,"Override manuale: 28711,2025,CGT ... in corte_override.csv"
28296,2025,289,1,OCR_PARZIALE,Testo CGT presente ma pattern non riconosciuto,"Override manuale: 28296,2025,CGT ... in corte_override.csv"
27828,2025,303,2,SCONOSCIUTO,Nessun CGT rilevato nel testo OCR,"Override manuale: 27828,2025,CGT ... in corte_override.csv"
27062,2025,330,1,OCR_PARZIALE,Testo CGT presente ma pattern non riconosciuto,"Override manuale: 27062,2025,CGT ... in corte_override.csv"
26583,2025,354,1,OCR_PARZIALE,Testo CGT presente ma pattern non riconosciuto,"Override manuale: 26583,2025,CGT ... in corte_override.csv"
25133,2025,406,1,OCR_PARZIALE,Testo CGT presente ma pattern non riconosciuto,"Override manuale: 25133,2025,CGT ... in corte_override.csv"
24706,2025,423,1,OCR_PARZIALE,Testo CGT presente ma pattern non riconosciuto,"Override manuale: 24706,2025,CGT ... in corte_override.csv"
24182,2025,448,1,SCONOSCIUTO,Nessun CGT rilevato nel testo OCR,"Override manuale: 24182,2025,CGT ... in corte_override.csv"
23743,2025,457,1,OCR_PARZIALE,Testo CGT presente ma pattern non riconosciuto,"Override manuale: 23743,2025,CGT ... in corte_override.csv"
23742,2025,457,2,SCONOSCIUTO,Nessun CGT rilevato nel testo OCR,"Override manuale: 23742,2025,CGT ... in corte_override.csv"
23139,2025,468,1,OCR_PARZIALE,Testo CGT presente ma pattern non riconosciuto,"Override manuale: 23139,2025,CGT ... in corte_override.csv"
34318,2025,29,6,CASSAZIONE_CORREZIONE,Ordinanza di correzione: CGT non ricavabile automaticamente,"Override manuale: 34318,2025,CGT ... in corte_override.csv"
34252,2025,34,5,OCR_PARZIALE,Testo CGT presente ma pattern non riconosciuto,"Override manuale: 34252,2025,CGT ... in corte_override.csv"
34248,2025,34,7,OCR_PARZIALE,Testo CGT presente ma pattern non riconosciuto,"Override manuale: 34248,2025,CGT ... in corte_override.csv"
34242,2025,34,9,OCR_PARZIALE,Testo CGT presente ma pattern non riconosciuto,"Override manuale: 34242,2025,CGT ... in corte_override.csv"
34150,2025,36,9,OCR_PARZIALE,Testo CGT presente ma pattern non riconosciuto,"Override manuale: 34150,2025,CGT ... in corte_override.csv"
34052,2025,41,9,SCONOSCIUTO,Nessun CGT rilevato nel testo OCR,"Override manuale: 34052,2025,CGT ... in corte_override.csv"
34022,2025,43,9,RIFERIMENTO_MANCANTE,Cita Cass. n.5082/2024 assente su italgiure,"Override manuale: 34022,2025,CGT ... in corte_override.csv"
33792,2025,50,8,OCR_PARZIALE,Testo CGT presente ma pattern non riconosciuto,"Override manuale: 33792,2025,CGT ... in corte_override.csv"
33752,2025,52,6,SCONOSCIUTO,Nessun CGT rilevato nel testo OCR,"Override manuale: 33752,2025,CGT ... in corte_override.csv"
33728,2025,54,3,OCR_PARZIALE,Testo CGT presente ma pattern non riconosciuto,"Override manuale: 33728,2025,CGT ... in corte_override.csv"
33726,2025,54,4,OCR_PARZIALE,Testo CGT presente ma pattern non riconosciuto,"Override manuale: 33726,2025,CGT ... in corte_override.csv"
33712,2025,55,3,SCONOSCIUTO,Nessun CGT rilevato nel testo OCR,"Override manuale: 33712,2025,CGT ... in corte_override.csv"
33709,2025,55,6,OCR_PARZIALE,Testo CGT presente ma pattern non riconosciuto,"Override manuale: 33709,2025,CGT ... in corte_override.csv"
33708,2025,55,7,SCONOSCIUTO,Nessun CGT rilevato nel testo OCR,"Override manuale: 33708,2025,CGT ... in corte_override.csv"
33365,2025,68,2,SCONOSCIUTO,Nessun CGT rilevato nel testo OCR,"Override manuale: 33365,2025,CGT ... in corte_override.csv"
33368,2025,67,9,RIFERIMENTO_MANCANTE,Cita Cass. n.7090/2022 assente su italgiure,"Override manuale: 33368,2025,CGT ... in corte_override.csv"
33327,2025,69,9,OCR_PARZIALE,Testo CGT presente ma pattern non riconosciuto,"Override manuale: 33327,2025,CGT ... in corte_override.csv"
33326,2025,69,10,OCR_PARZIALE,Testo CGT presente ma pattern non riconosciuto,"Override manuale: 33326,2025,CGT ... in corte_override.csv"
33264,2025,73,9,OCR_PARZIALE,Testo CGT presente ma pattern non riconosciuto,"Override manuale: 33264,2025,CGT ... in corte_override.csv"
33207,2025,76,5,OCR_PARZIALE,Testo CGT presente ma pattern non riconosciuto,"Override manuale: 33207,2025,CGT ... in corte_override.csv"
33126,2025,80,8,OCR_PARZIALE,Testo CGT presente ma pattern non riconosciuto,"Override manuale: 33126,2025,CGT ... in corte_override.csv"
32916,2025,86,5,OCR_PARZIALE,Testo CGT presente ma pattern non riconosciuto,"Override manuale: 32916,2025,CGT ... in corte_override.csv"
32861,2025,89,3,OCR_PARZIALE,Testo CGT presente ma pattern non riconosciuto,"Override manuale: 32861,2025,CGT ... in corte_override.csv"
32843,2025,90,7,OCR_PARZIALE,Testo CGT presente ma pattern non riconosciuto,"Override manuale: 32843,2025,CGT ... in corte_override.csv"
32758,2025,95,6,OCR_PARZIALE,Testo CGT presente ma pattern non riconosciuto,"Override manuale: 32758,2025,CGT ... in corte_override.csv"
32567,2025,100,9,OCR_PARZIALE,Testo CGT presente ma pattern non riconosciuto,"Override manuale: 32567,2025,CGT ... in corte_override.csv"
32425,2025,106,2,SCONOSCIUTO,Nessun CGT rilevato nel testo OCR,"Override manuale: 32425,2025,CGT ... in corte_override.csv"
32398,2025,106,6,OCR_PARZIALE,Testo CGT presente ma pattern non riconosciuto,"Override manuale: 32398,2025,CGT ... in corte_override.csv"
32325,2025,111,2,SCONOSCIUTO,Nessun CGT rilevato nel testo OCR,"Override manuale: 32325,2025,CGT ... in corte_override.csv"
32334,2025,110,6,OCR_PARZIALE,Testo CGT presente ma pattern non riconosciuto,"Override manuale: 32334,2025,CGT ... in corte_override.csv"
32324,2025,111,3,RIFERIMENTO_MANCANTE,Cita Cass. n.9421/2023 assente su italgiure,"Override manuale: 32324,2025,CGT ... in corte_override.csv"
32329,2025,110,9,RIFERIMENTO_MANCANTE,Cita Cass. n.16077/2023 assente su italgiure,"Override manuale: 32329,2025,CGT ... in corte_override.csv"
32327,2025,110,10,SCONOSCIUTO,Nessun CGT rilevato nel testo OCR,"Override manuale: 32327,2025,CGT ... in corte_override.csv"
32304,2025,112,6,OCR_PARZIALE,Testo CGT presente ma pattern non riconosciuto,"Override manuale: 32304,2025,CGT ... in corte_override.csv"
32261,2025,113,10,OCR_PARZIALE,Testo CGT presente ma pattern non riconosciuto,"Override manuale: 32261,2025,CGT ... in corte_override.csv"
32139,2025,118,3,OCR_PARZIALE,Testo CGT presente ma pattern non riconosciuto,"Override manuale: 32139,2025,CGT ... in corte_override.csv"
32147,2025,117,7,OCR_PARZIALE,Testo CGT presente ma pattern non riconosciuto,"Override manuale: 32147,2025,CGT ... in corte_override.csv"
31972,2025,123,7,OCR_PARZIALE,Testo CGT presente ma pattern non riconosciuto,"Override manuale: 31972,2025,CGT ... in corte_override.csv"
31971,2025,123,8,OCR_PARZIALE,Testo CGT presente ma pattern non riconosciuto,"Override manuale: 31971,2025,CGT ... in corte_override.csv"
31830,2025,126,5,SCONOSCIUTO,Nessun CGT rilevato nel testo OCR,"Override manuale: 31830,2025,CGT ... in corte_override.csv"
31747,2025,128,7,OCR_PARZIALE,Testo CGT presente ma pattern non riconosciuto,"Override manuale: 31747,2025,CGT ... in corte_override.csv"
31711,2025,130,8,OCR_PARZIALE,Testo CGT presente ma pattern non riconosciuto,"Override manuale: 31711,2025,CGT ... in corte_override.csv"
31707,2025,130,9,SCONOSCIUTO,Nessun CGT rilevato nel testo OCR,"Override manuale: 31707,2025,CGT ... in corte_override.csv"
31578,2025,133,3,SCONOSCIUTO,Nessun CGT rilevato nel testo OCR,"Override manuale: 31578,2025,CGT ... in corte_override.csv"
31557,2025,134,2,SCONOSCIUTO,Nessun CGT rilevato nel testo OCR,"Override manuale: 31557,2025,CGT ... in corte_override.csv"
31575,2025,133,5,SCONOSCIUTO,Nessun CGT rilevato nel testo OCR,"Override manuale: 31575,2025,CGT ... in corte_override.csv"
31560,2025,133,10,SCONOSCIUTO,Nessun CGT rilevato nel testo OCR,"Override manuale: 31560,2025,CGT ... in corte_override.csv"
31549,2025,134,7,OCR_PARZIALE,Testo CGT presente ma pattern non riconosciuto,"Override manuale: 31549,2025,CGT ... in corte_override.csv"
